jd_night,sindex
2439369.7998,0.1811
2439370.7998,0.1823
2439371.7998,0.1817
2439391.7998,0.1825
2439392.7998,0.1832
2439422.7998,0.1806
2439423.7998,0.1791
2439486.7998,0.1805
2439487.7998,0.1776
2439516.7998,0.1859
2439548.7998,0.1812
2439549.7998,0.1881
2439550.7998,0.1902
2439596.7998,0.1703
2439597.7998,0.1736
2439666.7998,0.1655
2439667.7998,0.1704
2439668.7998,0.164
2439669.7998,0.1649
2439691.7998,0.1669
2439692.7998,0.1724
2439694.7998,0.1734
2439719.7998,0.1615
2439720.7998,0.1698
2439721.7998,0.1718
2439722.7998,0.1855
2439723.7998,0.1842
2439786.7998,0.1824
2439787.7998,0.1808
2439886.7998,0.1863
2440011.80005,0.1949
2440037.80005,0.1735
2440046.80005,0.173
2440048.80005,0.183
2440068.80005,0.1861
2440077.80005,0.1844
2440079.80005,0.1824
2440105.80005,0.1726
2440106.80005,0.1841
2440107.80005,0.1797
2440129.80005,0.1765
2440167.80005,0.1754
2440168.80005,0.1769
2440169.80005,0.1801
2440201.80005,0.1796
2440202.80005,0.1838
2440223.80005,0.1805
2440224.80005,0.1776
2440252.80005,0.1818
2440253.80005,0.1816
2440254.80005,0.187
2440284.80005,0.1974
2440285.80005,0.1913
2440311.80005,0.1824
2440312.80005,0.1918
2440340.80005,0.1779
2440341.80005,0.1812
2440342.80005,0.1741
2440456.80005,0.1744
2440457.80005,0.1797
2440517.80005,0.186
2440519.80005,0.1785
2440573.80005,0.1876
2440611.80005,0.1879
2440612.80005,0.1885
2440662.80005,0.1879
2440663.80005,0.1924
2440664.80005,0.1885
2440665.80005,0.1835
2440687.80005,0.1773
2440688.80005,0.1761
2440725.80005,0.1806
2440726.80005,0.1748
2440843.80005,0.1859
2441041.80005,0.1812
2441052.80005,0.1829
2441133.80005,0.1736
2441134.80005,0.1722
2441135.80005,0.1758
2441136.80005,0.1843
2442110.80005,0.171
2442167.80005,0.175
2442168.80005,0.1684
2442169.80005,0.1807
2442259.80005,0.1668
2442260.80005,0.1774
2442261.80005,0.1643
2442262.80005,0.1662
2442283.80005,0.1664
2442284.80005,0.1651
2442285.80005,0.1718
2442344.5,0.1685
2442345.5,0.169
2442349.80005,0.1699
2442350.80005,0.1674
2442380.80005,0.1672
2442382.80005,0.1742
2442438.80005,0.1598
2442440.80005,0.1633
2442467.80005,0.1728
2442468.80005,0.1731
2442469.80005,0.1693
2442470.80005,0.1767
2442474.5,0.1686
2442495.80005,0.1728
2442497.80005,0.1652
2442498.80005,0.1702
2442557.80005,0.1672
2442559.80005,0.1751
2442590.80005,0.1704
2442613.80005,0.1688
2442614.80005,0.1726
2442615.80005,0.1754
2442616.80005,0.1702
2442644.80005,0.169
2442645.80005,0.1761
2442646.80005,0.1781
2442647.80005,0.1761
2442675.80005,0.1758
2442676.80005,0.1668
2442677.80005,0.1684
2442678.80005,0.1661
2442702.80005,0.1692
2442703.80005,0.1744
2442704.80005,0.1732
2442731.80005,0.1698
2442732.80005,0.1662
2442756.5,0.1698
2442757.5,0.1698
2442763.80005,0.1676
2442764.5,0.1713
2442764.80005,0.1674
2442765.80005,0.1762
2442783.5,0.1689
2442792.80005,0.1733
2442793.80005,0.1657
2442794.80005,0.1653
2442808.5,0.1681
2442819.80005,0.1641
2442820.80005,0.1638
2442821.80005,0.1675
2442848.80005,0.1675
2442849.80005,0.1672
2442850.80005,0.1664
2442851.80005,0.1633
2442873.5,0.1681
2442885.80005,0.1669
2442910.80005,0.1737
2442911.80005,0.1651
2442912.80005,0.1688
2442913.80005,0.1709
2442926.5,0.1676
2442940.80005,0.1641
2442973.80005,0.1643
2443001.5,0.1702
2443036.5,0.1686
2443060.79999,0.1614
2443062.79999,0.1598
2443102.5,0.1667
2443103.5,0.1677
2443111.5,0.1707
2443111.79999,0.1665
2443112.79999,0.1706
2443113.79999,0.1633
2443114.5,0.1662
2443116.5,0.1758
2443119.5,0.1754
2443120.5,0.1672
2443122.5,0.1688
2443131.5,0.1722
2443134.5,0.1721
2443146.79999,0.1719
2443149.5,0.1688
2443159.5,0.1699
2443168.5,0.1744
2443169.5,0.1733
2443170.5,0.1669
2443172.79999,0.1668
2443173.79999,0.1726
2443174.5,0.1698
2443174.79999,0.1644
2443175.5,0.1671
2443175.79999,0.1688
2443176.79999,0.1663
2443177.5,0.165
2443178.5,0.1684
2443180.5,0.1728
2443182.5,0.1766
2443183.5,0.1682
2443185.5,0.1686
2443186.5,0.1613
2443187.5,0.1716
2443188.5,0.1682
2443189.5,0.1694
2443191.5,0.1678
2443193.5,0.1667
2443193.5,0.1695
2443197.5,0.1676
2443202.5,0.1663
2443203.79999,0.1655
2443204.5,0.1698
2443204.79999,0.1672
2443205.5,0.1681
2443205.79999,0.1704
2443206.79999,0.1668
2443207.5,0.1653
2443208.5,0.1712
2443213.5,0.1713
2443222.5,0.1668
2443223.5,0.1667
2443225.5,0.1757
2443226.5,0.175
2443234.5,0.169
2443235.5,0.1689
2443236.79999,0.1679
2443237.5,0.169
2443237.79999,0.1685
2443239.5,0.1713
2443239.79999,0.1751
2443240.5,0.1686
2443241.5,0.1688
2443244.5,0.1686
2443244.5,0.1669
2443245.5,0.171
2443253.5,0.1698
2443254.5,0.1688
2443264.5,0.169
2443264.5,0.1758
2443269.5,0.1744
2443270.5,0.1721
2443272.5,0.1731
2443273.5,0.1704
2443301.5,0.1724
2443318.5,0.1747
2443320.5,0.1757
2443331.5,0.17
2443365.5,0.1706
2443394.5,0.1719
2443395.5,0.1742
2443398.5,0.1741
2443403.5,0.175
2443406.5,0.1738
2443421.5,0.1734
2443439.5,0.1721
2443444.5,0.1728
2443446.5,0.1742
2443447.5,0.1742
2443448.5,0.175
2443449.5,0.1747
2443450.5,0.1752
2443469.5,0.1725
2443470.5,0.1722
2443472.5,0.1705
2443480.5,0.1747
2443481.5,0.175
2443482.5,0.1752
2443483.5,0.1754
2443489.5,0.1747
2443510.5,0.1823
2443511.5,0.1824
2443512.5,0.1821
2443513.5,0.1798
2443516.5,0.1732
2443563.5,0.1879
2443581.5,0.1791
2443584.5,0.1821
2443603.5,0.1825
2443604.5,0.1825
2443605.5,0.1838
2443605.5,0.1926
2443615.5,0.1802
2443616.5,0.1809
2443624.5,0.1817
2443626.5,0.1834
2443631.5,0.1868
2443632.5,0.1854
2443647.5,0.1829
2443648.5,0.1824
2443658.5,0.1847
2443659.5,0.183
2443660.5,0.1818
2443661.5,0.1809
2443662.5,0.1779
2443663.5,0.1778
2443693.5,0.1783
2443695.5,0.1789
2443708.5,0.1842
2443753.5,0.1805
2443755.5,0.1807
2443782.5,0.1822
2443789.5,0.1817
2443791.5,0.1835
2443792.5,0.1837
2443793.5,0.1847
2443795.5,0.1892
2443810.5,0.1913
2443811.5,0.1911
2443817.5,0.1896
2443829.5,0.1841
2443830.5,0.1779
2443831.5,0.178
2443853.5,0.1908
2443856.5,0.1882
2443863.5,0.1802
2443864.5,0.1797
2443868.5,0.1858
2443875.5,0.1948
2443877.5,0.1951
2443886.5,0.1879
2443910.5,0.1977
2443911.5,0.1981
2443912.5,0.1972
2443937.5,0.1965
2443938.5,0.1955
2443939.5,0.1946
2443940.5,0.1936
2443957.5,0.1806
2443966.5,0.1958
2443967.5,0.1929
2443968.5,0.1906
2443978.5,0.1981
2443980.5,0.191
2443993.5,0.194
2444006.5,0.1951
2444006.5,0.1919
2444007.5,0.1901
2444008.5,0.1927
2444009.5,0.1891
2444030.5,0.1972
2444031.5,0.1988
2444056.5,0.1944
2444057.5,0.1958
2444059.5,0.1984
2444063.5,0.1962
2444091.5,0.1842
2444093.5,0.1847
2444112.5,0.1945
2444116.5,0.1948
2444120.5,0.188
2444121.5,0.1884
2444122.5,0.1887
2444149.5,0.1882
2444152.5,0.1899
2444177.5,0.1941
2444186.5,0.2059
2444206.5,0.1861
2444217.5,0.2059
2444220.5,0.2074
2444240.5,0.1981
2444242.5,0.2019
2444281.5,0.1936
2444290.5,0.1765
2444292.5,0.1801
2444295.5,0.1936
2444300.5,0.1966
2444302.5,0.1953
2444303.5,0.1932
2444324.5,0.2004
2444347.5,0.1875
2444348.5,0.192
2444354.5,0.1941
2444355.5,0.1941
2444363.5,0.1948
2444364.5,0.196
2444366.5,0.197
2444376.5,0.1951
2444394.5,0.191
2444395.5,0.1899
2444396.5,0.1877
2444397.5,0.188
2444420.5,0.189
2444422.5,0.1868
2444452.5,0.1854
2444454.5,0.1834
2444455.5,0.1823
2444478.5,0.1916
2444479.5,0.1875
2444483.5,0.1918
2444485.5,0.1941
2444513.5,0.1922
2444514.5,0.1927
2444515.5,0.1932
2444516.5,0.1925
2444549.5,0.2002
2444549.5,0.2013
2444550.5,0.2005
2444550.5,0.2005
2444574.5,0.2
2444575.5,0.2005
2444575.5,0.1974
2444576.5,0.2
2444576.5,0.1965
2444577.5,0.1988
2444577.5,0.2078
2444578.5,0.1908
2444584.5,0.1929
2444590.5,0.1986
2444594.5,0.195
2444600.5,0.1914
2444604.5,0.1961
2444606.5,0.1928
2444612.5,0.1889
2444625.5,0.1881
2444626.5,0.1906
2444631.5,0.1924
2444635.5,0.1857
2444636.5,0.1942
2444636.5,0.1907
2444639.5,0.196
2444640.5,0.1904
2444642.5,0.1894
2444643.5,0.1917
2444646.5,0.1875
2444647.5,0.1856
2444659.5,0.192
2444664.5,0.1964
2444667.5,0.2005
2444671.5,0.1955
2444671.5,0.188
2444678.5,0.1917
2444680.5,0.1882
2444681.5,0.185
2444685.5,0.1929
2444686.5,0.1874
2444693.5,0.1942
2444694.5,0.1934
2444695.5,0.1988
2444695.5,0.1972
2444698.5,0.2005
2444699.5,0.1925
2444705.5,0.1976
2444713.5,0.1909
2444722.5,0.1933
2444727.5,0.1924
2444728.5,0.2005
2444728.5,0.1937
2444729.5,0.2012
2444730.5,0.2
2444730.5,0.1966
2444731.5,0.195
2444732.5,0.1945
2444733.5,0.1877
2444738.5,0.1894
2444739.5,0.1917
2444740.5,0.1997
2444742.5,0.1885
2444748.5,0.1877
2444756.5,0.188
2444756.5,0.1848
2444757.5,0.188
2444757.5,0.1839
2444758.5,0.1868
2444761.5,0.1901
2444762.5,0.188
2444763.5,0.1873
2444764.5,0.1803
2444766.5,0.1863
2444767.5,0.186
2444768.5,0.191
2444775.5,0.1913
2444786.5,0.1887
2444787.5,0.1875
2444788.5,0.187
2444789.5,0.1861
2444803.5,0.1865
2444804.5,0.1909
2444822.5,0.1858
2444823.5,0.187
2444831.5,0.1942
2444832.5,0.1939
2444833.5,0.1974
2444852.5,0.2007
2444853.5,0.2012
2444866.5,0.1966
2444867.5,0.1947
2444881.5,0.2012
2444886.5,0.1951
2444887.5,0.1972
2444893.5,0.2036
2444894.5,0.204
2444895.5,0.2029
2444895.5,0.2039
2444902.5,0.193
2444909.5,0.198
2444910.5,0.2019
2444910.5,0.1987
2444911.5,0.2036
2444925.5,0.1956
2444939.5,0.2012
2444940.5,0.2025
2444941.5,0.2024
2444946.5,0.2083
2444953.5,0.1926
2444972.5,0.1972
2444973.5,0.1979
2444994.5,0.1921
2445002.5,0.2064
2445020.5,0.1891
2445027.5,0.1991
2445028.5,0.2057
2445029.5,0.2056
2445048.5,0.1903
2445049.5,0.1933
2445051.5,0.1908
2445055.5,0.1969
2445056.5,0.2025
2445063.5,0.188
2445064.5,0.1844
2445065.5,0.1891
2445066.5,0.1903
2445067.5,0.1927
2445067.5,0.1877
2445069.5,0.1919
2445079.5,0.1821
2445084.5,0.1911
2445087.5,0.1837
2445092.5,0.1827
2445095.5,0.1903
2445095.5,0.1831
2445096.5,0.1901
2445097.5,0.1891
2445106.5,0.1838
2445107.5,0.1913
2445108.5,0.1897
2445109.5,0.1882
2445110.5,0.1895
2445112.5,0.1869
2445113.5,0.1837
2445114.5,0.1836
2445115.5,0.1887
2445115.5,0.1881
2445116.5,0.1889
2445117.5,0.1875
2445117.5,0.1799
2445118.5,0.1831
2445121.5,0.187
2445121.5,0.1809
2445122.5,0.187
2445122.5,0.1851
2445123.5,0.1797
2445124.5,0.1861
2445124.5,0.1831
2445125.5,0.1875
2445125.5,0.1817
2445126.5,0.1831
2445127.5,0.1809
2445132.5,0.1884
2445133.5,0.1894
2445134.5,0.1903
2445135.5,0.1849
2445141.5,0.1894
2445142.5,0.1883
2445143.5,0.1869
2445144.5,0.1793
2445145.5,0.1796
2445146.5,0.1757
2445147.5,0.174
2445148.5,0.1783
2445152.5,0.1788
2445153.5,0.1758
2445154.5,0.1842
2445154.5,0.1797
2445155.5,0.1819
2445156.5,0.1805
2445182.5,0.1802
2445183.5,0.1828
2445184.5,0.1829
2445185.5,0.1868
2445215.5,0.1932
2445216.5,0.1951
2445217.5,0.1953
2445248.5,0.1887
2445249.5,0.1856
2445250.5,0.1847
2445251.5,0.1847
2445276.5,0.1875
2445277.5,0.1873
2445279.5,0.1889
2445286.5,0.1881
2445307.5,0.1908
2445308.5,0.1915
2445309.5,0.1927
2445310.5,0.1939
2445335.5,0.1849
2445336.5,0.1837
2445337.5,0.1842
2445338.5,0.1856
2445342.5,0.1892
2445343.5,0.1924
2445346.5,0.1858
2445347.5,0.188
2445358.5,0.183
2445360.5,0.1834
2445380.5,0.1747
2445382.5,0.1697
2445383.5,0.1719
2445386.5,0.1717
2445387.5,0.1768
2445392.5,0.1747
2445402.5,0.1669
2445403.5,0.1657
2445409.5,0.1675
2445410.5,0.163
2445417.5,0.1695
2445422.5,0.1738
2445423.5,0.164
2445426.5,0.1647
2445427.5,0.1802
2445429.5,0.178
2445434.5,0.1668
2445440.5,0.1716
2445441.5,0.1652
2445442.5,0.171
2445443.5,0.1656
2445445.5,0.1664
2445448.5,0.172
2445450.5,0.1761
2445455.5,0.1858
2445456.5,0.1844
2445457.5,0.1733
2445459.5,0.1678
2445460.5,0.1752
2445461.5,0.1637
2445463.5,0.1697
2445465.5,0.1636
2445466.5,0.1725
2445467.5,0.1649
2445469.5,0.179
2445472.5,0.1718
2445477.5,0.1829
2445487.5,0.1816
2445488.5,0.1818
2445493.5,0.1715
2445503.5,0.1799
2445510.5,0.1816
2445515.5,0.1758
2445519.5,0.1769
2445525.5,0.1818
2445526.5,0.1818
2445527.5,0.1816
2445530.5,0.1749
2445531.5,0.1752
2445547.5,0.1842
2445548.5,0.1844
2445549.5,0.1839
2445560.5,0.1889
2445569.5,0.1785
2445577.5,0.1747
2445578.5,0.178
2445579.5,0.1748
2445580.5,0.1785
2445581.5,0.179
2445596.5,0.1733
2445602.5,0.1726
2445610.5,0.1804
2445625.5,0.1764
2445626.5,0.174
2445627.5,0.1761
2445628.5,0.1723
2445631.5,0.1732
2445637.5,0.1764
2445638.5,0.1752
2445644.5,0.1816
2445645.5,0.1813
2445668.5,0.1756
2445671.5,0.1769
2445684.5,0.1709
2445702.5,0.1754
2445703.5,0.1759
2445703.5,0.1765
2445705.5,0.1749
2445706.5,0.1758
2445709.5,0.1753
2445710.5,0.1745
2445711.5,0.1758
2445714.5,0.1721
2445715.5,0.1727
2445717.5,0.1709
2445718.5,0.1715
2445719.5,0.1669
2445720.5,0.1743
2445722.5,0.1755
2445723.5,0.1809
2445726.5,0.1812
2445727.5,0.1888
2445728.5,0.185
2445731.5,0.1793
2445732.5,0.1784
2445733.5,0.1767
2445734.5,0.1771
2445734.5,0.1756
2445735.5,0.1792
2445735.5,0.1787
2445736.5,0.1765
2445737.5,0.1839
2445738.5,0.1792
2445739.5,0.1766
2445740.5,0.1766
2445741.5,0.1759
2445742.5,0.1751
2445743.5,0.1766
2445745.5,0.1729
2445746.5,0.1747
2445748.5,0.1756
2445751.5,0.1828
2445752.5,0.187
2445754.5,0.1861
2445755.5,0.1892
2445757.5,0.1809
2445758.5,0.1839
2445758.5,0.1832
2445759.5,0.1837
2445759.5,0.1805
2445760.5,0.1825
2445760.5,0.1786
2445761.5,0.1809
2445761.5,0.1775
2445762.5,0.1768
2445763.5,0.1721
2445769.5,0.1731
2445775.5,0.18
2445776.5,0.1763
2445777.5,0.1782
2445778.5,0.1854
2445782.5,0.1847
2445783.5,0.1792
2445788.5,0.1811
2445790.5,0.1823
2445790.5,0.1795
2445791.5,0.1794
2445792.5,0.183
2445793.5,0.1842
2445793.5,0.1821
2445794.5,0.1832
2445794.5,0.1769
2445795.5,0.1809
2445798.5,0.1778
2445800.5,0.1777
2445801.5,0.1712
2445802.5,0.1736
2445803.5,0.1768
2445804.5,0.1782
2445805.5,0.1763
2445808.5,0.1848
2445809.5,0.1804
2445811.5,0.173
2445813.5,0.177
2445814.5,0.1771
2445815.5,0.1789
2445817.5,0.1869
2445819.5,0.1842
2445819.5,0.1815
2445820.5,0.183
2445821.5,0.1818
2445821.5,0.1763
2445822.5,0.1806
2445822.5,0.1728
2445825.5,0.1674
2445826.5,0.17
2445827.5,0.1735
2445828.5,0.1733
2445832.5,0.1863
2445834.5,0.1808
2445839.5,0.1725
2445840.5,0.1742
2445844.5,0.1746
2445845.5,0.1737
2445846.5,0.1764
2445847.5,0.183
2445847.5,0.1742
2445848.5,0.1818
2445848.5,0.1763
2445850.5,0.1723
2445855.5,0.1787
2445855.5,0.1783
2445856.5,0.179
2445857.5,0.1787
2445858.5,0.178
2445858.5,0.1767
2445859.5,0.1743
2445860.5,0.176
2445861.5,0.1755
2445863.5,0.1723
2445880.5,0.1708
2445882.5,0.1764
2445882.5,0.1742
2445883.5,0.1764
2445884.5,0.1783
2445885.5,0.1799
2445888.5,0.177
2445896.5,0.1731
2445897.5,0.1702
2445900.5,0.1693
2445904.5,0.1703
2445905.5,0.1721
2445910.5,0.1712
2445913.5,0.174
2445913.5,0.1732
2445914.5,0.1746
2445915.5,0.174
2445926.5,0.1737
2445932.5,0.174
2445935.5,0.166
2445939.5,0.1705
2445946.5,0.1761
2445946.5,0.1729
2445947.5,0.1761
2445947.5,0.1723
2445948.5,0.1761
2445948.5,0.1713
2445949.5,0.1752
2445954.5,0.1672
2445962.5,0.1684
2445964.5,0.1689
2445973.5,0.1662
2445979.5,0.1715
2445980.5,0.1685
2445981.5,0.1695
2445985.5,0.1707
2445986.5,0.1705
2445986.5,0.1642
2445987.5,0.1699
2445987.5,0.1635
2445989.5,0.1712
2445990.5,0.1638
2445992.5,0.1729
2446001.5,0.1654
2446002.5,0.1644
2446003.5,0.1669
2446004.5,0.1661
2446006.5,0.1678
2446007.5,0.1659
2446008.5,0.1656
2446009.5,0.1653
2446010.5,0.1698
2446011.5,0.17
2446011.5,0.1672
2446012.5,0.1681
2446016.5,0.168
2446017.5,0.1664
2446026.5,0.1749
2446040.5,0.1686
2446040.5,0.176
2446041.5,0.1688
2446043.5,0.1705
2446051.5,0.1676
2446055.5,0.1682
2446056.5,0.17
2446057.5,0.1694
2446063.5,0.1682
2446064.5,0.1686
2446065.5,0.1677
2446067.5,0.1637
2446068.5,0.1676
2446068.5,0.167
2446069.5,0.1672
2446070.5,0.1669
2446074.5,0.1681
2446075.5,0.1671
2446093.5,0.1692
2446098.5,0.1652
2446101.5,0.1674
2446101.5,0.1655
2446102.5,0.1674
2446104.5,0.1681
2446108.5,0.1674
2446110.5,0.1673
2446111.5,0.1659
2446112.5,0.168
2446113.5,0.1672
2446115.5,0.1675
2446117.5,0.1681
2446120.5,0.1669
2446121.5,0.1675
2446126.5,0.1712
2446128.5,0.1672
2446128.5,0.1652
2446129.5,0.1667
2446130.5,0.1665
2446131.5,0.1646
2446132.5,0.1677
2446142.5,0.1699
2446145.5,0.1639
2446146.5,0.17
2446148.5,0.1696
2446152.5,0.171
2446155.5,0.1666
2446156.5,0.1681
2446157.5,0.1678
2446158.5,0.1679
2446159.5,0.1683
2446164.5,0.1696
2446165.5,0.1648
2446166.5,0.1639
2446167.5,0.1635
2446170.5,0.1674
2446171.5,0.1664
2446173.5,0.1677
2446174.5,0.1662
2446175.5,0.1698
2446178.5,0.1704
2446179.5,0.1687
2446185.5,0.1685
2446190.5,0.1679
2446191.5,0.1679
2446193.5,0.1695
2446193.5,0.1677
2446194.5,0.1704
2446196.5,0.1686
2446197.5,0.1691
2446203.5,0.1686
2446204.5,0.1697
2446205.5,0.168
2446206.5,0.1691
2446207.5,0.1704
2446208.5,0.1687
2446209.5,0.1692
2446210.5,0.1678
2446211.5,0.1664
2446212.5,0.1651
2446213.5,0.1658
2446214.5,0.1644
2446217.5,0.1636
2446218.5,0.1674
2446218.5,0.1653
2446219.5,0.166
2446219.5,0.1651
2446220.5,0.1642
2446222.5,0.1673
2446227.5,0.1694
2446229.5,0.1724
2446230.5,0.1713
2446232.5,0.1702
2446236.5,0.1677
2446237.5,0.1631
2446238.5,0.163
2446239.5,0.1634
2446242.5,0.1665
2446243.5,0.1652
2446244.5,0.1662
2446245.5,0.1641
2446246.5,0.165
2446250.5,0.1716
2446251.5,0.1719
2446253.5,0.1667
2446254.5,0.1682
2446260.5,0.1659
2446270.5,0.1692
2446278.5,0.1674
2446279.5,0.1681
2446280.5,0.1664
2446297.5,0.163
2446298.5,0.1619
2446299.5,0.1656
2446302.5,0.1676
2446303.5,0.169
2446307.5,0.171
2446308.5,0.1678
2446309.5,0.1724
2446310.5,0.1676
2446311.5,0.1705
2446313.5,0.1657
2446314.5,0.1673
2446315.5,0.1685
2446317.5,0.1676
2446320.5,0.1713
2446329.5,0.1659
2446330.5,0.1683
2446331.5,0.1664
2446332.5,0.1693
2446333.5,0.1689
2446334.5,0.172
2446335.5,0.1685
2446338.5,0.166
2446340.5,0.17
2446340.5,0.1648
2446341.5,0.1698
2446341.5,0.1652
2446342.5,0.1677
2446349.5,0.1652
2446350.5,0.1646
2446356.5,0.1681
2446361.5,0.1715
2446362.5,0.1721
2446363.5,0.1727
2446364.5,0.1703
2446366.5,0.1687
2446371.5,0.1652
2446372.5,0.1693
2446373.5,0.1693
2446374.5,0.1702
2446375.5,0.1695
2446375.5,0.1653
2446376.5,0.1635
2446377.5,0.1655
2446379.5,0.1658
2446383.5,0.1683
2446384.5,0.1697
2446385.5,0.1699
2446389.5,0.1676
2446390.5,0.1691
2446391.5,0.1714
2446396.5,0.1668
2446400.5,0.1682
2446403.5,0.1671
2446404.5,0.1678
2446407.5,0.1698
2446409.5,0.1709
2446413.5,0.1713
2446416.5,0.1692
2446417.5,0.1676
2446418.5,0.1701
2446419.5,0.1684
2446422.5,0.1695
2446423.5,0.1677
2446425.5,0.1663
2446426.5,0.1677
2446429.5,0.1669
2446430.5,0.1708
2446432.5,0.1673
2446434.5,0.1687
2446436.5,0.1656
2446438.5,0.1709
2446438.5,0.169
2446439.5,0.1709
2446440.5,0.1714
2446449.5,0.1667
2446450.5,0.1679
2446452.5,0.1668
2446453.5,0.1656
2446454.5,0.1669
2446455.5,0.1671
2446457.5,0.167
2446458.5,0.1664
2446460.5,0.1679
2446464.5,0.1742
2446466.5,0.175
2446472.5,0.1705
2446473.5,0.1672
2446474.5,0.1667
2446475.5,0.1638
2446478.5,0.1651
2446479.5,0.1658
2446480.5,0.1641
2446481.5,0.1664
2446482.5,0.1638
2446483.5,0.1643
2446484.5,0.1667
2446487.5,0.1686
2446493.5,0.1727
2446494.5,0.1731
2446495.5,0.1761
2446497.5,0.1743
2446509.5,0.1681
2446510.5,0.1672
2446511.5,0.169
2446511.5,0.1673
2446512.5,0.1674
2446514.5,0.1668
2446515.5,0.1689
2446519.5,0.172
2446520.5,0.173
2446524.5,0.1693
2446529.5,0.1629
2446530.5,0.1648
2446531.5,0.1637
2446532.5,0.1632
2446533.5,0.1623
2446534.5,0.1629
2446540.5,0.1658
2446541.5,0.1705
2446541.5,0.1689
2446542.5,0.1698
2446542.5,0.1698
2446543.5,0.1705
2446543.5,0.1685
2446544.5,0.1683
2446547.5,0.1693
2446550.5,0.1664
2446551.5,0.1674
2446553.5,0.1678
2446555.5,0.1659
2446556.5,0.1649
2446557.5,0.1681
2446557.5,0.1662
2446558.5,0.1672
2446558.5,0.1667
2446559.5,0.1683
2446559.5,0.166
2446560.5,0.1677
2446561.5,0.1637
2446564.5,0.1669
2446565.5,0.1665
2446585.5,0.1643
2446586.5,0.1664
2446588.5,0.1675
2446590.5,0.166
2446591.5,0.1667
2446592.5,0.1683
2446592.5,0.1669
2446593.5,0.169
2446595.5,0.169
2446595.5,0.1676
2446596.5,0.1686
2446601.5,0.1668
2446602.5,0.1672
2446621.5,0.1696
2446623.5,0.1675
2446624.5,0.1696
2446630.5,0.1705
2446634.5,0.1704
2446635.5,0.1676
2446641.5,0.1727
2446642.5,0.17
2446643.5,0.1719
2446644.5,0.1649
2446655.5,0.1666
2446656.5,0.167
2446658.5,0.1688
2446659.5,0.1699
2446660.5,0.1675
2446660.5,0.1699
2446661.5,0.1701
2446662.5,0.1633
2446663.5,0.1661
2446664.5,0.1674
2446678.5,0.1674
2446679.5,0.1677
2446680.5,0.1656
2446682.5,0.1683
2446684.5,0.1681
2446684.5,0.1631
2446685.5,0.1655
2446692.5,0.1654
2446693.5,0.167
2446694.5,0.1665
2446697.5,0.1668
2446698.5,0.1683
2446699.5,0.1639
2446716.5,0.1649
2446718.5,0.1625
2446723.5,0.1702
2446723.5,0.1724
2446724.5,0.1716
2446724.5,0.1737
2446725.5,0.1745
2446726.5,0.1728
2446728.5,0.1745
2446729.5,0.1731
2446730.5,0.172
2446731.5,0.1709
2446733.5,0.1718
2446734.5,0.1693
2446739.5,0.1693
2446742.5,0.1644
2446744.5,0.1679
2446745.5,0.1679
2446747.5,0.1688
2446753.5,0.167
2446754.5,0.1697
2446756.5,0.1733
2446758.5,0.1718
2446759.5,0.1704
2446761.5,0.1685
2446762.5,0.1724
2446763.5,0.1703
2446764.5,0.1662
2446765.5,0.1679
2446766.5,0.1673
2446767.5,0.1675
2446768.5,0.1643
2446775.5,0.1691
2446776.5,0.1663
2446777.5,0.1677
2446778.5,0.1684
2446783.5,0.169
2446783.5,0.1652
2446787.5,0.1686
2446791.5,0.1693
2446793.5,0.1654
2446794.5,0.1635
2446798.5,0.1671
2446799.5,0.1679
2446800.5,0.1687
2446802.5,0.1683
2446802.5,0.1686
2446816.5,0.1684
2446817.5,0.1692
2446819.5,0.1677
2446820.5,0.1696
2446821.5,0.1685
2446822.5,0.1664
2446824.5,0.1679
2446825.5,0.163
2446828.5,0.1673
2446829.5,0.1681
2446829.5,0.1669
2446830.5,0.1634
2446831.5,0.1679
2446831.5,0.1665
2446832.5,0.1674
2446848.5,0.168
2446849.5,0.1672
2446854.5,0.1691
2446855.5,0.169
2446856.5,0.1683
2446857.5,0.1681
2446857.5,0.1708
2446858.5,0.1693
2446858.5,0.1704
2446859.5,0.1703
2446862.5,0.1672
2446865.5,0.1677
2446866.5,0.1671
2446867.5,0.1651
2446868.5,0.1684
2446869.5,0.1677
2446871.5,0.1683
2446872.5,0.1673
2446874.5,0.1681
2446876.5,0.167
2446877.5,0.168
2446881.5,0.167
2446882.5,0.1683
2446884.5,0.1665
2446885.5,0.1658
2446893.5,0.1712
2446894.5,0.1721
2446894.5,0.1693
2446895.5,0.1692
2446896.5,0.1686
2446899.5,0.1745
2446901.5,0.1715
2446902.5,0.1713
2446903.5,0.1688
2446905.5,0.1706
2446908.5,0.1669
2446912.5,0.1696
2446913.5,0.1696
2446915.5,0.1683
2446916.5,0.1704
2446917.5,0.1688
2446918.5,0.1688
2446919.5,0.1702
2446919.5,0.1657
2446920.5,0.1709
2446921.5,0.1716
2446923.5,0.172
2446924.5,0.1751
2446925.5,0.1736
2446931.5,0.1704
2446932.5,0.1713
2446935.5,0.1746
2446936.5,0.1725
2446937.5,0.173
2446940.5,0.1732
2446941.5,0.1677
2446942.5,0.1675
2446943.5,0.168
2446944.5,0.1678
2446945.5,0.1684
2446946.5,0.1672
2446947.5,0.1692
2446948.5,0.1695
2446948.5,0.1654
2446949.5,0.1663
2446950.5,0.1695
2446950.5,0.1675
2446951.5,0.1706
2446955.5,0.1693
2446956.5,0.1699
2446957.5,0.1723
2446958.5,0.1692
2446959.5,0.1729
2446960.5,0.1715
2446961.5,0.173
2446962.5,0.1699
2446963.5,0.1749
2446964.5,0.1677
2446965.5,0.1731
2446966.5,0.1722
2446967.5,0.1698
2446968.5,0.1722
2446969.5,0.1704
2446979.5,0.1717
2446980.5,0.1671
2446981.5,0.1666
2446982.5,0.1702
2446983.5,0.17
2446983.5,0.1668
2446984.5,0.169
2446984.5,0.1664
2446985.5,0.1695
2446985.5,0.1671
2446986.5,0.1698
2446986.5,0.17
2446987.5,0.171
2446988.5,0.1713
2446989.5,0.1705
2446991.5,0.1694
2446993.5,0.1735
2446994.5,0.1709
2446998.5,0.1762
2446999.5,0.1785
2447000.5,0.1751
2447002.5,0.1749
2447007.5,0.1695
2447008.5,0.169
2447014.5,0.1702
2447021.5,0.1704
2447022.5,0.1694
2447023.5,0.1684
2447024.5,0.1701
2447027.5,0.1735
2447028.5,0.1747
2447037.5,0.1703
2447038.5,0.1714
2447039.5,0.1731
2447040.5,0.1712
2447045.5,0.1724
2447046.5,0.1721
2447047.5,0.1724
2447047.5,0.169
2447048.5,0.1747
2447048.5,0.1726
2447049.5,0.1725
2447050.5,0.1717
2447051.5,0.1737
2447053.5,0.17
2447054.5,0.1689
2447069.5,0.1698
2447070.5,0.1704
2447071.5,0.1698
2447072.5,0.1727
2447073.5,0.1785
2447074.5,0.1731
2447074.5,0.1766
2447075.5,0.1726
2447075.5,0.1782
2447076.5,0.1731
2447076.5,0.1758
2447077.5,0.1757
2447078.5,0.1684
2447080.5,0.1715
2447088.5,0.1742
2447089.5,0.1739
2447093.5,0.1716
2447094.5,0.174
2447095.5,0.1747
2447098.5,0.1782
2447102.5,0.1759
2447102.5,0.1751
2447106.5,0.1748
2447107.5,0.1752
2447108.5,0.1684
2447109.5,0.1737
2447110.5,0.1732
2447111.5,0.1764
2447112.5,0.1718
2447113.5,0.1756
2447115.5,0.1757
2447117.5,0.1729
2447118.5,0.1745
2447119.5,0.1746
2447120.5,0.1692
2447121.5,0.1734
2447124.5,0.1763
2447125.5,0.174
2447126.5,0.1749
2447127.5,0.1774
2447129.5,0.1723
2447130.5,0.1725
2447131.5,0.1735
2447131.5,0.1735
2447132.5,0.1728
2447132.5,0.1732
2447135.5,0.1731
2447136.5,0.1707
2447140.5,0.1679
2447144.5,0.1672
2447150.5,0.1837
2447151.5,0.1722
2447152.5,0.1699
2447153.5,0.1721
2447157.5,0.1713
2447158.5,0.1716
2447159.5,0.1716
2447160.5,0.1753
2447168.5,0.1752
2447172.5,0.1714
2447173.5,0.1712
2447174.5,0.1744
2447175.5,0.1723
2447182.5,0.1702
2447183.5,0.1706
2447184.5,0.1693
2447185.5,0.1701
2447186.5,0.1702
2447191.5,0.1741
2447198.5,0.1743
2447199.5,0.1761
2447199.5,0.1768
2447200.5,0.1738
2447201.5,0.1705
2447202.5,0.1731
2447203.5,0.1718
2447204.5,0.1678
2447205.5,0.1779
2447209.5,0.1763
2447211.5,0.1749
2447212.5,0.1791
2447213.5,0.1766
2447214.5,0.1716
2447215.5,0.1733
2447216.5,0.1708
2447217.5,0.1701
2447218.5,0.1703
2447219.5,0.1744
2447220.5,0.1779
2447221.5,0.178
2447222.5,0.1759
2447224.5,0.1773
2447224.5,0.1792
2447227.5,0.1769
2447228.5,0.1758
2447229.5,0.1727
2447230.5,0.1705
2447231.5,0.1709
2447232.5,0.1738
2447233.5,0.1729
2447234.5,0.1772
2447235.5,0.1734
2447236.5,0.1715
2447237.5,0.177
2447238.5,0.1764
2447239.5,0.1746
2447240.5,0.1797
2447241.5,0.1775
2447242.5,0.1748
2447243.5,0.1774
2447244.5,0.1755
2447245.5,0.1744
2447246.5,0.1759
2447248.5,0.1795
2447249.5,0.1786
2447250.5,0.1799
2447250.5,0.1785
2447251.5,0.1787
2447252.5,0.1799
2447253.5,0.1741
2447255.5,0.1804
2447256.5,0.1759
2447256.5,0.1767
2447257.5,0.1773
2447258.5,0.1757
2447258.5,0.1789
2447259.5,0.1794
2447260.5,0.1798
2447262.5,0.1814
2447263.5,0.183
2447264.5,0.182
2447266.5,0.1861
2447269.5,0.1852
2447270.5,0.1825
2447271.5,0.1808
2447272.5,0.1784
2447274.5,0.1763
2447275.5,0.1774
2447276.5,0.1769
2447277.5,0.1778
2447278.5,0.179
2447281.5,0.1761
2447282.5,0.1767
2447283.5,0.1764
2447284.5,0.1783
2447284.5,0.1806
2447285.5,0.1778
2447285.5,0.1792
2447286.5,0.1783
2447286.5,0.1787
2447287.5,0.1785
2447287.5,0.1788
2447288.5,0.1808
2447289.5,0.1804
2447290.5,0.1818
2447291.5,0.1812
2447292.5,0.1809
2447293.5,0.1803
2447294.5,0.1792
2447295.5,0.1763
2447296.5,0.1768
2447298.5,0.1773
2447301.5,0.1753
2447302.5,0.1757
2447303.5,0.1747
2447304.5,0.181
2447306.5,0.1786
2447307.5,0.1744
2447308.5,0.1772
2447309.5,0.1748
2447310.5,0.174
2447311.5,0.1794
2447312.5,0.1809
2447313.5,0.1811
2447315.5,0.1835
2447315.5,0.1809
2447316.5,0.1801
2447318.5,0.1829
2447319.5,0.1866
2447320.5,0.1859
2447321.5,0.1871
2447322.5,0.1844
2447323.5,0.1825
2447324.5,0.1775
2447325.5,0.1762
2447330.5,0.1785
2447331.5,0.1792
2447331.5,0.179
2447332.5,0.1791
2447337.5,0.1816
2447337.5,0.1761
2447339.5,0.1839
2447341.5,0.1827
2447342.5,0.1817
2447344.5,0.1824
2447346.5,0.1836
2447354.5,0.177
2447360.5,0.1835
2447362.5,0.1835
2447364.5,0.1769
2447365.5,0.1776
2447367.5,0.1744
2447368.5,0.178
2447369.5,0.179
2447370.5,0.1793
2447376.5,0.1855
2447384.5,0.1774
2447386.5,0.1784
2447387.5,0.1804
2447388.5,0.1819
2447408.5,0.1882
2447409.5,0.1885
2447410.5,0.1888
2447411.5,0.1838
2447412.5,0.1823
2447413.5,0.1787
2447414.5,0.1791
2447415.5,0.1791
2447417.5,0.1827
2447418.5,0.1807
2447419.5,0.1813
2447420.5,0.1798
2447427.5,0.189
2447428.5,0.189
2447429.5,0.1953
2447435.5,0.1901
2447436.5,0.1901
2447438.5,0.1894
2447439.5,0.1889
2447440.5,0.184
2447441.5,0.1852
2447442.5,0.1884
2447447.5,0.1827
2447449.5,0.1826
2447450.5,0.1856
2447451.5,0.1823
2447452.5,0.185
2447453.5,0.1894
2447454.5,0.185
2447456.5,0.1863
2447460.5,0.1882
2447461.5,0.1884
2447461.5,0.1891
2447462.5,0.188
2447462.5,0.1836
2447463.5,0.1871
2447463.5,0.1847
2447464.5,0.187
2447465.5,0.187
2447465.5,0.1856
2447466.5,0.1857
2447467.5,0.1886
2447468.5,0.1873
2447470.5,0.1864
2447472.5,0.1865
2447473.5,0.1856
2447474.5,0.1845
2447477.5,0.187
2447478.5,0.1888
2447479.5,0.189
2447480.5,0.1877
2447481.5,0.1908
2447482.5,0.1905
2447483.5,0.1905
2447485.5,0.1871
2447486.5,0.1851
2447487.5,0.1831
2447488.5,0.1854
2447489.5,0.1828
2447492.5,0.183
2447493.5,0.183
2447494.5,0.1866
2447495.5,0.1864
2447498.5,0.1826
2447500.5,0.1868
2447501.5,0.1877
2447501.5,0.1839
2447504.5,0.1908
2447506.5,0.1961
2447507.5,0.1957
2447508.5,0.1986
2447509.5,0.1994
2447512.5,0.2013
2447514.5,0.1962
2447516.5,0.1987
2447517.5,0.1978
2447518.5,0.1966
2447519.5,0.1974
2447522.5,0.1947
2447523.5,0.1904
2447524.5,0.1897
2447526.5,0.1852
2447531.5,0.1884
2447540.5,0.21
2447541.5,0.1964
2447542.5,0.1947
2447543.5,0.1999
2447544.5,0.1923
2447545.5,0.1997
2447546.5,0.1977
2447547.5,0.1948
2447549.5,0.1945
2447550.5,0.1938
2447551.5,0.1977
2447552.5,0.1946
2447554.5,0.188
2447555.5,0.1887
2447556.5,0.1879
2447559.5,0.186
2447560.5,0.1849
2447561.5,0.191
2447564.5,0.1987
2447565.5,0.2005
2447566.5,0.2091
2447567.5,0.2066
2447568.5,0.2036
2447568.5,0.2105
2447569.5,0.204
2447569.5,0.2107
2447570.5,0.2104
2447575.5,0.1992
2447579.5,0.1938
2447580.5,0.1941
2447580.5,0.1943
2447581.5,0.1934
2447582.5,0.1922
2447583.5,0.1942
2447591.5,0.1907
2447592.5,0.1913
2447592.5,0.1947
2447593.5,0.1944
2447593.5,0.1968
2447594.5,0.1962
2447596.5,0.2052
2447597.5,0.1934
2447598.5,0.195
2447599.5,0.2105
2447600.5,0.2088
2447601.5,0.2075
2447602.5,0.2101
2447604.5,0.203
2447606.5,0.2038
2447607.5,0.2013
2447608.5,0.1993
2447609.5,0.1941
2447610.5,0.1911
2447611.5,0.1919
2447613.5,0.1842
2447613.5,0.1848
2447614.5,0.1847
2447614.5,0.1832
2447615.5,0.1854
2447615.5,0.1844
2447616.5,0.1861
2447616.5,0.187
2447617.5,0.1873
2447617.5,0.1875
2447618.5,0.1879
2447619.5,0.1912
2447620.5,0.1946
2447621.5,0.1926
2447622.5,0.1969
2447623.5,0.1998
2447624.5,0.1986
2447625.5,0.2008
2447626.5,0.199
2447628.5,0.1972
2447630.5,0.1952
2447631.5,0.1959
2447637.5,0.1945
2447640.5,0.186
2447641.5,0.1888
2447642.5,0.1881
2447643.5,0.1856
2447644.5,0.1874
2447645.5,0.1878
2447646.5,0.1887
2447647.5,0.1864
2447648.5,0.1911
2447649.5,0.1981
2447650.5,0.1942
2447651.5,0.196
2447652.5,0.1967
2447653.5,0.1896
2447654.5,0.2
2447654.5,0.1971
2447655.5,0.1996
2447656.5,0.2
2447666.5,0.1871
2447667.5,0.1857
2447668.5,0.1883
2447669.5,0.1869
2447671.5,0.186
2447672.5,0.1834
2447673.5,0.1832
2447677.5,0.1898
2447678.5,0.1914
2447679.5,0.1911
2447681.5,0.1969
2447682.5,0.1984
2447683.5,0.201
2447684.5,0.1993
2447685.5,0.1991
2447685.5,0.1984
2447686.5,0.201
2447686.5,0.1988
2447687.5,0.2022
2447688.5,0.2044
2447689.5,0.2072
2447690.5,0.2124
2447701.5,0.1984
2447705.5,0.1902
2447707.5,0.1975
2447708.5,0.1957
2447709.5,0.1874
2447711.5,0.1926
2447712.5,0.1932
2447719.5,0.1993
2447720.5,0.1962
2447721.5,0.1958
2447733.5,0.1879
2447741.5,0.199
2447741.5,0.199
2447743.5,0.2012
2447744.5,0.2033
2447748.5,0.1956
2447754.5,0.2007
2447755.5,0.2036
2447757.5,0.205
2447760.5,0.1913
2447762.5,0.1883
2447763.5,0.1868
2447771.5,0.1979
2447772.5,0.2019
2447772.5,0.198
2447773.5,0.2022
2447773.5,0.1986
2447774.5,0.2026
2447774.5,0.1979
2447775.5,0.2048
2447775.5,0.2028
2447776.5,0.2064
2447777.5,0.2075
2447777.5,0.2043
2447778.5,0.209
2447778.5,0.2099
2447779.5,0.2089
2447780.5,0.2106
2447781.5,0.2075
2447782.5,0.2094
2447783.5,0.2027
2447784.5,0.2004
2447785.5,0.1955
2447786.5,0.1947
2447787.5,0.189
2447789.5,0.1829
2447790.5,0.1798
2447792.5,0.1819
2447793.5,0.1795
2447794.5,0.1806
2447795.5,0.1786
2447796.5,0.1784
2447797.5,0.1818
2447798.5,0.1851
2447799.5,0.1944
2447799.5,0.1876
2447800.5,0.1905
2447801.5,0.1909
2447803.5,0.2001
2447820.5,0.1793
2447821.5,0.1852
2447822.5,0.1833
2447823.5,0.1835
2447825.5,0.1788
2447826.5,0.1879
2447827.5,0.1872
2447828.5,0.1912
2447829.5,0.1932
2447831.5,0.1957
2447832.5,0.1985
2447833.5,0.1993
2447834.5,0.1991
2447835.5,0.198
2447845.5,0.2014
2447846.5,0.1931
2447847.5,0.1923
2447848.5,0.1908
2447850.5,0.1947
2447852.5,0.1923
2447853.5,0.1939
2447854.5,0.1941
2447855.5,0.1991
2447856.5,0.1989
2447857.5,0.1983
2447860.5,0.199
2447861.5,0.1995
2447862.5,0.1971
2447863.5,0.2009
2447864.5,0.202
2447865.5,0.2023
2447866.5,0.1974
2447866.5,0.201
2447867.5,0.1984
2447867.5,0.1993
2447868.5,0.1994
2447869.5,0.1933
2447870.5,0.1922
2447872.5,0.1894
2447873.5,0.1908
2447874.5,0.1879
2447875.5,0.1894
2447883.5,0.197
2447884.5,0.1994
2447886.5,0.2058
2447887.5,0.2098
2447891.5,0.2067
2447895.5,0.1936
2447895.5,0.1941
2447896.5,0.1915
2447897.5,0.1907
2447898.5,0.1903
2447908.5,0.1908
2447911.5,0.2022
2447912.5,0.2027
2447916.5,0.204
2447917.5,0.2024
2447919.5,0.2035
2447920.5,0.2042
2447921.5,0.2008
2447925.5,0.1917
2447926.5,0.1894
2447927.5,0.1856
2447928.5,0.1835
2447929.5,0.1804
2447932.5,0.1837
2447933.5,0.1855
2447933.5,0.1846
2447938.5,0.1914
2447938.5,0.1882
2447939.5,0.1849
2447940.5,0.1882
2447941.5,0.1883
2447942.5,0.1914
2447954.5,0.1877
2447954.5,0.1874
2447955.5,0.1863
2447956.5,0.1858
2447956.5,0.1822
2447957.5,0.1854
2447957.5,0.1848
2447958.5,0.1854
2447958.5,0.1825
2447959.5,0.1853
2447961.5,0.1826
2447962.5,0.1822
2447963.5,0.1857
2447978.5,0.189
2447981.5,0.1913
2447982.5,0.1911
2447984.5,0.1874
2447985.5,0.1863
2447985.5,0.1867
2447986.5,0.1858
2447986.5,0.1875
2447987.5,0.1854
2447987.5,0.1878
2447988.5,0.1875
2447993.5,0.1873
2447994.5,0.1887
2447995.5,0.1973
2447996.5,0.2004
2447997.5,0.2007
2448000.5,0.1997
2448001.5,0.2012
2448002.5,0.2045
2448003.5,0.2053
2448004.5,0.1988
2448005.5,0.1947
2448007.5,0.1919
2448008.5,0.1933
2448009.5,0.1913
2448011.5,0.1838
2448012.5,0.1823
2448014.5,0.1809
2448015.5,0.1818
2448016.5,0.1819
2448017.5,0.1826
2448017.5,0.1825
2448018.5,0.1844
2448019.5,0.1864
2448020.5,0.189
2448022.5,0.1978
2448023.5,0.1979
2448024.5,0.1993
2448030.5,0.2039
2448031.5,0.207
2448036.5,0.1894
2448037.5,0.1895
2448037.5,0.1895
2448037.5,0.1908
2448038.5,0.1878
2448038.5,0.1878
2448039.5,0.1875
2448040.5,0.1858
2448042.5,0.1842
2448043.5,0.1843
2448052.5,0.1982
2448053.5,0.2085
2448054.5,0.2056
2448055.5,0.2039
2448056.5,0.2047
2448058.5,0.1954
2448059.5,0.1955
2448060.5,0.1944
2448061.5,0.1921
2448062.5,0.1895
2448063.5,0.1867
2448064.5,0.1892
2448065.5,0.189
2448066.5,0.1798
2448068.5,0.1823
2448069.5,0.1846
2448070.5,0.1904
2448071.5,0.1887
2448072.5,0.1945
2448073.5,0.1971
2448074.5,0.1961
2448076.5,0.203
2448078.5,0.198
2448080.5,0.1958
2448082.5,0.1924
2448083.5,0.1916
2448085.5,0.187
2448086.5,0.1918
2448087.5,0.1897
2448088.5,0.1879
2448089.5,0.1859
2448090.5,0.1865
2448093.5,0.1876
2448095.5,0.19
2448096.5,0.192
2448097.5,0.1927
2448098.5,0.195
2448099.5,0.1955
2448100.5,0.1957
2448101.5,0.1904
2448104.5,0.1902
2448105.5,0.1934
2448106.5,0.1923
2448108.5,0.1905
2448111.5,0.1878
2448112.5,0.1879
2448113.5,0.1868
2448114.5,0.1874
2448120.5,0.1878
2448121.5,0.1946
2448122.5,0.1961
2448124.5,0.2039
2448125.5,0.2036
2448126.5,0.1934
2448128.5,0.1996
2448129.5,0.1911
2448130.5,0.1954
2448131.5,0.1923
2448132.5,0.1942
2448133.5,0.1905
2448134.5,0.1908
2448135.5,0.188
2448136.5,0.1875
2448137.5,0.1855
2448138.5,0.1889
2448140.5,0.1813
2448141.5,0.1901
2448143.5,0.1913
2448143.5,0.1885
2448144.5,0.1904
2448145.5,0.1945
2448147.5,0.1928
2448151.5,0.194
2448152.5,0.1881
2448153.5,0.1893
2448154.5,0.1861
2448159.5,0.1883
2448160.5,0.1911
2448161.5,0.1853
2448162.5,0.1825
2448166.5,0.187
2448167.5,0.187
2448168.5,0.1875
2448172.5,0.1914
2448173.5,0.1898
2448174.5,0.1942
2448175.5,0.1928
2448176.5,0.1926
2448177.5,0.19
2448178.5,0.1896
2448179.5,0.1897
2448180.5,0.1891
2448181.5,0.1918
2448182.5,0.1905
2448183.5,0.1907
2448184.5,0.1891
2448199.5,0.1882
2448199.5,0.1768
2448200.5,0.1901
2448200.5,0.1824
2448202.5,0.1958
2448203.5,0.1971
2448204.5,0.1977
2448205.5,0.1965
2448206.5,0.1881
2448207.5,0.186
2448208.5,0.1878
2448209.5,0.1867
2448210.5,0.1885
2448211.5,0.1891
2448212.5,0.1903
2448213.5,0.1892
2448214.5,0.1888
2448217.5,0.1883
2448218.5,0.1835
2448219.5,0.183
2448220.5,0.1828
2448222.5,0.1825
2448223.5,0.1838
2448227.5,0.1884
2448228.5,0.1949
2448229.5,0.1985
2448235.5,0.199
2448236.5,0.1972
2448236.5,0.1979
2448237.5,0.2022
2448239.5,0.1908
2448242.5,0.1966
2448243.5,0.1894
2448243.5,0.1912
2448244.5,0.1891
2448244.5,0.192
2448245.5,0.1901
2448248.5,0.186
2448249.5,0.1852
2448252.5,0.1877
2448255.5,0.1982
2448256.5,0.1985
2448258.5,0.2039
2448259.5,0.197
2448263.5,0.1917
2448275.5,0.1879
2448278.5,0.1947
2448279.5,0.2047
2448280.5,0.199
2448281.5,0.2017
2448283.5,0.2149
2448284.5,0.2095
2448286.5,0.2096
2448287.5,0.2104
2448287.5,0.2105
2448288.5,0.2073
2448288.5,0.2087
2448289.5,0.2023
2448290.5,0.1993
2448290.5,0.199
2448291.5,0.1932
2448291.5,0.1978
2448292.5,0.1962
2448292.5,0.1969
2448300.5,0.1909
2448301.5,0.1931
2448302.5,0.1909
2448306.5,0.1972
2448307.5,0.2016
2448308.5,0.2002
2448309.5,0.2118
2448311.5,0.2089
2448312.5,0.2149
2448314.5,0.2094
2448320.5,0.1903
2448321.5,0.1941
2448322.5,0.1973
2448323.5,0.1998
2448348.5,0.1915
2448349.5,0.1926
2448350.5,0.1952
2448381.5,0.197
2448382.5,0.1963
2448384.5,0.1971
2448423.5,0.1915
2448424.5,0.1899
2448425.5,0.1902
2448430.5,0.1925
2448456.5,0.1889
2448462.5,0.2022
2448491.5,0.2098
2448502.5,0.1946
2448505.5,0.1886
2448554.5,0.192
2448555.5,0.1996
2448576.5,0.1799
2448577.5,0.1841
2448578.5,0.1845
2448603.5,0.196
2448604.5,0.1921
2448621.5,0.1973
2448622.5,0.1983
2448634.5,0.1877
2448635.5,0.1878
2448636.5,0.1884
2448637.5,0.1871
2448638.5,0.188
2448666.5,0.1927
2448695.5,0.1931
2448697.5,0.1917
2448699.5,0.1908
2448700.5,0.1914
2448715.5,0.1844
2448718.5,0.1838
